loss,min_loss,final_iteration,learning_rate,time_taken
0.67561466,0.67416734,1000,0.002,522.4533214569092
