loss,min_loss,final_iteration,learning_rate,time_taken
0.61718737,0.61718737,1000,0.002,357.02012157440186
