loss,min_loss,final_iteration,learning_rate,time_taken
0.4185007,0.41825988,1000,0.0004,496.6086196899414
