loss,min_loss,final_iteration,learning_rate,time_taken
0.29194079,0.29166902,1000,0.002,537.0647909641266
