loss,min_loss,final_iteration,learning_rate,time_taken
0.2933003,0.29263903,1000,0.002,463.09711360931396
