loss,min_loss,final_iteration,learning_rate,time_taken
0.42169575,0.42057471,1000,0.002,468.88023471832275
