loss,min_loss,final_iteration,learning_rate,time_taken
0.05715483,0.05702144,1000,0.002,958.8895518779755
