loss,min_loss,final_iteration,learning_rate,time_taken
0.01523221,0.01523221,1000,0.0004,933.855131149292
