loss,min_loss,final_iteration,learning_rate,time_taken
0.01652043,0.01651757,1000,0.002,1486.8817241191864
