loss,min_loss,final_iteration,learning_rate,time_taken
0.00476867,0.00476696,1000,0.0004,893.4541394710541
