loss,min_loss,final_iteration,learning_rate,time_taken
0.00562643,0.00562643,1000,0.0004,1127.5579698085785
