loss,min_loss,final_iteration,learning_rate,time_taken
0.12266105,0.12266061,3000,1e-06,2544.6008734703064
