loss,min_loss,final_iteration,learning_rate,time_taken
1.38894486,1.38894033,1000,3e-06,229.12226247787476
