loss,min_loss,final_iteration,learning_rate,time_taken
0.02351044,0.02328654,1000,0.002,1013.9534409046173
