loss,min_loss,final_iteration,learning_rate,time_taken
0.02045717,0.02044406,1000,0.002,773.4164707660675
