loss,min_loss,final_iteration,learning_rate,time_taken
0.04307125,0.04307125,2500,4e-05,2653.9780564308167
