loss,min_loss,final_iteration,learning_rate,time_taken
0.05885097,0.05885097,2500,0.001,2850.1759021282196
