loss,min_loss,final_iteration,learning_rate,time_taken
0.00409666,0.00409665,1298,1e-06,12105.783691167831
