loss,min_loss,final_iteration,learning_rate,time_taken
0.01133433,0.01133192,1000,0.0004,1093.4628369808197
