loss,min_loss,final_iteration,learning_rate,time_taken
0.08696906,0.08688634,1000,0.002,742.0540099143982
