loss,min_loss,final_iteration,learning_rate,time_taken
0.0318568,0.03171872,1000,0.002,1016.8993785381317
