loss,min_loss,final_iteration,learning_rate,time_taken
0.03471159,0.03449729,1000,0.002,4371.712351322174
