loss,min_loss,final_iteration,learning_rate,time_taken
0.62480935,0.62456998,1000,0.0004,465.7955000400543
