loss,min_loss,final_iteration,learning_rate,time_taken
0.92771262,0.92750601,1000,0.0004,468.88084268569946
