loss,min_loss,final_iteration,learning_rate,time_taken
0.00914283,0.00907909,1000,0.002,4701.772514820099
