loss,min_loss,final_iteration,learning_rate,time_taken
0.08531992,0.08517463,1000,0.002,1202.1571216583252
