loss,min_loss,final_iteration,learning_rate,time_taken
0.01077395,0.01073734,1000,0.002,437.09515619277954
