loss,min_loss,final_iteration,learning_rate,time_taken
0.01115141,0.01115141,1000,0.002,559.8867781162262
