CPU Time,GPU Time
4.425719738006592,0.9133543968200684
4.857217788696289,0.8956944942474365
4.96910834312439,0.8402385711669922
5.731145143508911,0.6968457698822021
5.164529085159302,0.9802443981170654
8.910811185836792,0.9205818176269531
7.963555335998535,0.7080063819885254
4.848097562789917,0.7574455738067627
8.776822566986084,0.8622467517852783
5.316382884979248,1.1502811908721924
