CPU Time,GPU Time
43.71633338928223,5.214522361755371
40.33558750152588,4.310396671295166
38.71507477760315,5.155039548873901
49.14174151420593,6.544485330581665
56.68242168426514,5.778874397277832
51.27172827720642,5.627835273742676
41.42829895019531,5.088385820388794
56.03060054779053,6.431848049163818
45.2133207321167,4.322983503341675
42.88504672050476,5.270322799682617
