CPU Time,GPU Time
12.657247543334961,1.74611496925354
12.544844150543213,1.9926607608795166
9.569610595703125,1.7009003162384033
8.758103609085083,1.546083688735962
13.066194772720337,1.5705742835998535
6.796757221221924,1.3951818943023682
11.638577222824097,1.1797294616699219
8.706989765167236,1.8182995319366455
15.955377101898193,1.7475371360778809
11.717298030853271,1.103058099746704
