CPU Time,GPU Time
20.65938663482666,2.42490553855896
22.90003514289856,2.6378390789031982
18.541398286819458,2.8413500785827637
51.436949014663696,3.295891284942627
25.509665966033936,3.2267556190490723
19.105558395385742,2.749081611633301
23.28336763381958,3.011580228805542
17.099332332611084,1.9665756225585938
25.054455280303955,2.9720447063446045
24.522684812545776,2.5234644412994385
