CPU Time,GPU Time
58.44135332107544,4.022382974624634
81.08655643463135,2.092672824859619
64.20027279853821,2.4214890003204346
103.79682898521423,2.5354065895080566
78.6608943939209,6.299229383468628
59.2693235874176,2.208150863647461
64.69897532463074,2.4258718490600586
79.38269209861755,9.797412872314453
85.6955919265747,3.4487464427948
66.15968728065491,2.5140390396118164
