CPU Time,GPU Time
12.326553583145142,0.7347021102905273
12.184523344039917,0.7812063694000244
13.745468139648438,0.8037257194519043
30.954875230789185,0.916935920715332
16.38799023628235,0.7782814502716064
10.279356002807617,0.7013649940490723
13.144038438796997,0.7994542121887207
12.87727975845337,0.6901719570159912
19.565913438796997,0.7785863876342773
17.079340934753418,0.7604906558990479
