CPU Time,GPU Time
29.218086004257202,1.3553245067596436
27.323619842529297,1.2163584232330322
32.47655415534973,1.3492658138275146
31.717697143554688,1.4212384223937988
33.44792079925537,1.467090368270874
20.47166657447815,1.1223623752593994
19.155179977416992,0.9432196617126465
49.46243453025818,1.4549319744110107
20.969374656677246,1.1496572494506836
26.281128883361816,1.2105908393859863
