CPU Time,GPU Time
0.5452775955200195,0.30583691596984863
0.5492386817932129,0.2543611526489258
0.5585649013519287,0.3176412582397461
0.5966715812683105,0.3150064945220947
0.6748900413513184,0.36965155601501465
0.5630595684051514,0.28111863136291504
0.6211023330688477,0.28427839279174805
0.5388619899749756,0.36726856231689453
0.5781240463256836,0.3169848918914795
0.615941047668457,0.32971835136413574
