CPU Time,GPU Time
1.181532621383667,0.36855006217956543
1.212493896484375,0.36219334602355957
1.3170135021209717,0.2129220962524414
1.3174142837524414,0.2648758888244629
1.3531935214996338,0.32436656951904297
1.4007513523101807,0.28949904441833496
1.0896215438842773,0.3399839401245117
1.1899871826171875,0.266751766204834
1.2006380558013916,0.36533617973327637
1.2285101413726807,0.32749032974243164
