CPU Time,GPU Time
2.5099148750305176,0.4355771541595459
2.352707624435425,0.4110558032989502
2.458566904067993,0.3703591823577881
2.432274103164673,0.42325448989868164
2.337013006210327,0.4104766845703125
2.374969244003296,0.4245631694793701
2.477055311203003,0.404435396194458
2.463965892791748,0.4803001880645752
2.4838013648986816,0.41259169578552246
2.5612728595733643,0.468839168548584
